,Task,Buffer,TestCase,SVAR,Def-Use,Plnv
0,4.0,2.0,5.0,0.012775842044134728,0.08888888888888889,0.2684729064039409
