,Task,Buffer,TestCase,SVAR,Def-Use,Plnv
0,4.0,2.0,2.0,0.006968641114982578,0.044444444444444446,0.2044334975369458
