,Task,Buffer,TestCase,SVAR,Def-Use,Plnv
0,4.0,2.0,4.0,0.8181818181818182,0.6666666666666666,0.6666666666666666
