,Task,Buffer,TestCase,SVAR,Def-Use,Plnv
0,6.0,1.0,2.0,3.277972027972028e-05,0.011396011396011397,0.11296660117878192
