,Task,Buffer,TestCase,SVAR,Def-Use,Plnv
0,6.0,1.0,10.0,0.0001566142191142191,0.03418803418803419,0.1650294695481336
