,Task,Buffer,TestCase,SVAR,Def-Use,Plnv
0,4.0,2.0,1.0,0.5454545454545454,0.3333333333333333,0.3333333333333333
