,Task,Buffer,TestCase,SVAR,Def-Use,Plnv
0,16.0,1.0,1416.0,0.010107222334614606,0.19215686274509805,0.40877016129032256
