,Task,Buffer,TestCase,SVAR,Def-Use,Plnv
0,16.0,1.0,83.0,0.001998786162249646,0.01568627450980392,0.24029737903225806
1,16.0,1.0,83.0,0.001998786162249646,0.01568627450980392,0.24029737903225806
