,Task,Buffer,TestCase,SVAR,Def-Use,Plnv
0,18.0,1.0,10265.0,0.005668688437253686,0.12148337595907928,0.3612966601178782
