,Task,Buffer,TestCase,SVAR,Def-Use,Plnv
0,12.0,1.0,10.0,0.0001524771317022861,0.011764705882352941,0.14662576687116563
