,Task,Buffer,TestCase,SVAR,Def-Use,Plnv
0,12.0,1.0,2.0,4.5154172049174856e-05,0.005490196078431373,0.11791411042944785
